Number of Records,average_Medicare_allowed_amt,average_Medicare_payment_amt,average_submitted_chrg_amt,bene_day_srvc_cnt,bene_unique_cnt,hcpcs_code,hcpcs_description,line_srvc_cnt,medicare_participation_indicator,npi,nppes_credentials,nppes_entity_code,nppes_provider_city,nppes_provider_country,nppes_provider_first_name,nppes_provider_gender,nppes_provider_last_org_name,nppes_provider_mi,nppes_provider_state,nppes_provider_street1,nppes_provider_street2,nppes_provider_zip,place_of_service,provider_type,stdev_Medicare_allowed_amt,stdev_Medicare_payment_amt,stdev_submitted_chrg_amt
1,535.49318182,388.54590909,5458.0,17,17,26055,Incise finger tendon sheath,22,Y,1154387710,,O,CHANDLER,US,,,"WARNER PARK SURGERY CENTER, LP",,AZ,604 WEST WARNER ROAD,BUILDING A,852252906,F,Ambulatory Surgical Center,178.49786076,202.02513821,0.0
1,605.4026087,460.8626087,4814.0,18,17,26055,Incise finger tendon sheath,23,Y,1114171097,,O,PEORIA,US,,,PINNACLE SURGERY CENTER OF PEORIA,,AZ,6970 W THUNDERBIRD RD,,85381,F,Ambulatory Surgical Center,164.30865854,156.45426581,0.0
1,505.8375,376.79458333,3828.0,18,18,26055,Incise finger tendon sheath,24,Y,1962447185,,O,GLENDALE,US,,,UNION HILLS SURGERY CENTER,,AZ,18301 N 79TH AVE STE E150,,853086045,F,Ambulatory Surgical Center,176.06466672,161.53857535,0.0
1,471.6525,370.68625,4391.0,24,23,26055,Incise finger tendon sheath,32,Y,1962456889,,O,TUCSON,US,,,NORTHWEST TUCSON SURGERY CENTER LP,,AZ,6130 N LA CHOLLA BLVD,,857413557,F,Ambulatory Surgical Center,164.71618866,142.03872814,0.0
1,572.98586207,443.68896552,13337.0,26,26,26055,Incise finger tendon sheath,29,Y,1437101433,,O,PRESCOTT,US,,,TRI CITY SURGERY CENTER LLC,,AZ,5430 DISTINCTION WAY,,863014454,F,Ambulatory Surgical Center,196.48390286,154.74523635,0.0
1,536.60666667,425.55977778,2210.0,32,32,26055,Incise finger tendon sheath,45,Y,1649223124,,O,TUCSON,US,,,"CAMP LOWELL SURGERY CENTER,LLC",,AZ,4620 E CAMP LOWELL DR,,857121296,F,Ambulatory Surgical Center,164.30912828,129.66663341,0.0
1,529.98155556,413.18444444,2601.0,35,32,26055,Incise finger tendon sheath,45,Y,1669668281,,O,YUMA,US,,,YUMA REGIONAL OUTPATIENT SURGICAL CENTER LLC,,AZ,2261 S AVENUE B,,853646103,F,Ambulatory Surgical Center,165.90317489,146.11162548,0.0
1,357.02953488,285.62093023,2955.0,37,37,26055,Incise finger tendon sheath,43,Y,1528284767,,O,MESA,US,,,"MESA SURGICAL CENTER, LLC",,AZ,1114 SOUTH HIGLEY ROAD,SUITE 101,852063000,F,Ambulatory Surgical Center,0.1144441265,0.0886019044,0.0
1,517.04590164,413.63606557,1497.0,43,41,26055,Incise finger tendon sheath,61,Y,1740370501,,O,FLAGSTAFF,US,,,SUMMIT SURGERY AND RECOVERY CARE CENTER INC,,AZ,1485 N TURQUOISE DR,SUITE 100,860011397,F,Ambulatory Surgical Center,186.0062804,148.80406903,0.0
1,524.66318182,419.73015152,7085.0,46,45,26055,Incise finger tendon sheath,66,Y,1992713176,,O,PHOENIX,US,,,"DESERT RIDGE OUTPATIENT SURGERY, LLC",,AZ,20940 N. TATUM BLVD,SUITE 100,850504265,F,Ambulatory Surgical Center,178.17072659,142.53774113,2044.1440752
1,560.5381,438.8972,3061.0,74,71,26055,Incise finger tendon sheath,100,Y,1336131143,,O,PHOENIX,US,,,"PHOENIX ORTHOPEDIC AMBULATORY CENTER, LLC",,AZ,690 N COFCO CENTER CT,SUITE 150,850086462,F,Ambulatory Surgical Center,176.75826653,148.86307952,0.0
1,501.06003891,397.04241245,4391.0,179,169,26055,Incise finger tendon sheath,257,Y,1437191731,,O,TUCSON,US,,,EL DORADO SURGERY CENTER LP,,AZ,1398 N WILMOT RD,,857125132,F,Ambulatory Surgical Center,167.6528275,135.80566135,0.0
1,29.613157895,22.617894737,74.885263158,12,12,68440,Incise tear duct opening,19,Y,1902834922,,O,MESA,US,,,SOUTHWESTERN EYE CENTER,,AZ,1055 S STAPLEY DR,,852045013,F,Ambulatory Surgical Center,1.8626694275,2.5764430376,43.398860447
1,573.824375,459.058125,966.4725,16,12,65850,Incision of eye,16,Y,1245233923,,O,SUN CITY,US,,,"SPECTRA EYE INSTITUTE, LLC",,AZ,9849 W THUNDERBIRD BLVD,,853512963,F,Ambulatory Surgical Center,188.52006123,150.81767267,0.3680607966
1,684.82666667,547.86333333,3880.0,12,12,66172,Incision of eye,12,Y,1992713176,,O,PHOENIX,US,,,"DESERT RIDGE OUTPATIENT SURGERY, LLC",,AZ,20940 N. TATUM BLVD,SUITE 100,850504265,F,Ambulatory Surgical Center,238.14208323,190.51366658,0.0
1,902.0130303,721.61181818,1023.3469697,33,32,66172,Incision of eye,33,Y,1902834922,,O,MESA,US,,,SOUTHWESTERN EYE CENTER,,AZ,1055 S STAPLEY DR,,852045013,F,Ambulatory Surgical Center,118.99829585,95.19890668,114.96098741
1,594.00117647,447.29823529,4715.7647059,12,12,28308,Incision of metatarsal,17,Y,1528284767,,O,MESA,US,,,"MESA SURGICAL CENTER, LLC",,AZ,1114 SOUTH HIGLEY ROAD,SUITE 101,852063000,F,Ambulatory Surgical Center,209.28241813,161.29191651,1660.3707428
1,478.98814815,374.54074074,2881.7037037,23,23,28308,Incision of metatarsal,27,Y,1962456889,,O,TUCSON,US,,,NORTHWEST TUCSON SURGERY CENTER LP,,AZ,6130 N LA CHOLLA BLVD,,857413557,F,Ambulatory Surgical Center,135.50368993,119.81821187,437.00485757
1,789.42833333,593.28,5110.0,12,12,25000,Incision of tendon sheath,12,Y,1437191731,,O,TUCSON,US,,,EL DORADO SURGERY CENTER LP,,AZ,1398 N WILMOT RD,,857125132,F,Ambulatory Surgical Center,160.41065929,167.82197338,0.0
1,846.51076923,677.21230769,3896.0,13,13,25000,Incision of tendon sheath,13,Y,1336131143,,O,PHOENIX,US,,,"PHOENIX ORTHOPEDIC AMBULATORY CENTER, LLC",,AZ,690 N COFCO CENTER CT,SUITE 150,850086462,F,Ambulatory Surgical Center,165.4228991,132.33904088,0.0
